name,email,company,role,relationship,last_contact,notes
Sarah Lin,sarah.lin@omnilux.io,Omnilux,Head of Operations,Prospect champion,2026-07-23,"Buyer for the Omnilux engagement. Away Fri 24 Jul and most of the following week."
Daniel Okafor,daniel.okafor@omnilux.io,Omnilux,Finance Director,Prospect blocker,2026-07-23,"Controls the budget line. Objects to rolling monthly support, not to the work."
Mike Banner,m.banner@revolt.inc,Revolt Inc,Senior Product Manager,Client strong,2026-07-27,"Day-to-day owner at Revolt. Based London. Hesitant on rate."
David Reyes,d.reyes@revolt.inc,Revolt Inc,Procurement,Client,2026-07-27,"Cannot open the vendor record without the revised SOW."
Annie Zhang,annie.zhang@basepoint.co,Basepoint,Director of Operations,Client strong,2026-07-28,"Champion. Took the renewal to Terrence and got a verbal yes."
Terrence Boyd,t.boyd@basepoint.co,Basepoint,Managing Director,Client,2026-07-27,"Signs off spend above 25k. Has not been met directly."
Jack Mwangi,jack@aisle3.io,Aisle3,Design Lead,Teammate,2026-07-24,"Internal. Owns the August Goals doc and the homepage redesign brief."
Priya Raman,priya@aisle3.io,Aisle3,Delivery Lead,Teammate,2026-07-28,"Internal. Would lead the homepage redesign if it stays in-house."
Nadia Hoque,nadia@greenleaf.systems,GreenLeaf Systems,Chief Operating Officer,Prospect new,2026-07-21,"First call was 21 Jul. Kickoff scheduled 29 Jul at 14:30."
